start_date,end_date,category,start,stop,miles,purpose,hour,day,weekday,month
2016-01-01 21:11:00,01-01-2016 21:17,Business,Fort Pierce,Fort Pierce,5.1,Meal/Entertain,21,1,Friday,1
2016-01-02 20:25:00,01-02-2016 20:38,Business,Fort Pierce,Fort Pierce,4.8,Errand/Supplies,20,2,Saturday,1
2016-01-05 17:31:00,01-05-2016 17:45,Business,Fort Pierce,Fort Pierce,4.7,Meeting,17,5,Tuesday,1
2016-01-06 14:42:00,01-06-2016 15:49,Business,Fort Pierce,West Palm Beach,63.7,Customer Visit,14,6,Wednesday,1
2016-01-06 17:15:00,01-06-2016 17:19,Business,West Palm Beach,West Palm Beach,4.3,Meal/Entertain,17,6,Wednesday,1
2016-01-06 17:30:00,01-06-2016 17:35,Business,West Palm Beach,Palm Beach,7.1,Meeting,17,6,Wednesday,1
2016-01-07 13:27:00,01-07-2016 13:33,Business,Cary,Cary,0.8,Meeting,13,7,Thursday,1
2016-01-10 08:05:00,01-10-2016 08:25,Business,Cary,Morrisville,8.3,Meeting,8,10,Sunday,1
2016-01-10 12:17:00,01-10-2016 12:44,Business,Jamaica,New York,16.5,Customer Visit,12,10,Sunday,1
2016-01-10 15:08:00,01-10-2016 15:51,Business,New York,Queens,10.8,Meeting,15,10,Sunday,1
2016-01-10 18:18:00,01-10-2016 18:53,Business,Elmhurst,New York,7.5,Meeting,18,10,Sunday,1
2016-01-10 19:12:00,01-10-2016 19:32,Business,Midtown,East Harlem,6.2,Meeting,19,10,Sunday,1
2016-01-11 08:55:00,01-11-2016 09:21,Business,East Harlem,NoMad,6.4,Temporary Site,8,11,Monday,1
2016-01-11 11:56:00,01-11-2016 12:03,Business,Flatiron District,Midtown,1.6,Errand/Supplies,11,11,Monday,1
2016-01-11 13:32:00,01-11-2016 13:46,Business,Midtown,Midtown East,1.7,Meal/Entertain,13,11,Monday,1
2016-01-11 14:30:00,01-11-2016 14:43,Business,Midtown East,Midtown,1.9,Meal/Entertain,14,11,Monday,1
2016-01-12 12:33:00,01-12-2016 12:49,Business,Midtown,Hudson Square,1.9,Meal/Entertain,12,12,Tuesday,1
2016-01-12 12:53:00,01-12-2016 13:09,Business,Hudson Square,Lower Manhattan,4.0,Meal/Entertain,12,12,Tuesday,1
2016-01-12 14:42:00,01-12-2016 14:56,Business,Lower Manhattan,Hudson Square,1.8,Errand/Supplies,14,12,Tuesday,1
2016-01-12 15:13:00,01-12-2016 15:28,Business,Hudson Square,Hell's Kitchen,2.4,Customer Visit,15,12,Tuesday,1
2016-01-12 15:42:00,01-12-2016 15:54,Business,Hell's Kitchen,Midtown,2.0,Errand/Supplies,15,12,Tuesday,1
2016-01-12 16:02:00,01-12-2016 17:00,Business,New York,Queens County,15.1,Meeting,16,12,Tuesday,1
2016-02-01 10:35:00,02-01-2016 11:15,Business,Cary,Chapel Hill,19.4,Customer Visit,10,1,Monday,2
2016-02-01 12:10:00,02-01-2016 12:43,Business,Chapel Hill,Cary,23.3,Customer Visit,12,1,Monday,2
2016-02-01 12:56:00,02-01-2016 13:07,Business,Northwoods,Whitebridge,3.9,Meal/Entertain,12,1,Monday,2
2016-02-02 13:04:00,02-02-2016 13:23,Business,Whitebridge,Williamsburg Manor,8.3,Meeting,13,2,Tuesday,2
2016-02-02 13:51:00,02-02-2016 14:06,Business,Cary,Cary,6.0,Errand/Supplies,13,2,Tuesday,2
2016-02-02 14:38:00,02-02-2016 14:42,Business,Cary,Cary,1.6,Errand/Supplies,14,2,Tuesday,2
2016-02-04 08:40:00,02-04-2016 09:01,Business,Cary,Morrisville,5.2,Errand/Supplies,8,4,Thursday,2
2016-02-04 09:37:00,02-04-2016 10:09,Business,Morrisville,Cary,9.7,Meal/Entertain,9,4,Thursday,2
2016-02-04 10:26:00,02-04-2016 10:32,Business,Cary,Cary,1.6,Meal/Entertain,10,4,Thursday,2
2016-02-04 15:59:00,02-04-2016 16:03,Business,Cary,Cary,1.1,Meal/Entertain,15,4,Thursday,2
2016-02-04 16:35:00,02-04-2016 16:39,Business,Cary,Cary,1.6,Meal/Entertain,16,4,Thursday,2
2016-02-04 18:04:00,02-04-2016 18:31,Business,Whitebridge,Macgregor Downs,9.0,Meeting,18,4,Thursday,2
2016-02-04 20:36:00,02-04-2016 20:55,Business,Cary,Cary,7.7,Meeting,20,4,Thursday,2
2016-02-05 11:47:00,02-05-2016 12:07,Business,Cary,Durham,10.4,Meeting,11,5,Friday,2
2016-02-05 13:22:00,02-05-2016 13:41,Business,Durham,Cary,10.4,Meeting,13,5,Friday,2
2016-02-06 16:20:00,02-06-2016 16:53,Business,Cary,Raleigh,11.4,Between Offices,16,6,Saturday,2
2016-02-06 18:57:00,02-06-2016 19:21,Business,Raleigh,Cary,9.0,Errand/Supplies,18,6,Saturday,2
2016-02-06 19:28:00,02-06-2016 19:37,Business,Edgehill Farms,Whitebridge,3.2,Meal/Entertain,19,6,Saturday,2
2016-02-07 16:49:00,02-07-2016 17:01,Business,Cary,Apex,5.6,Errand/Supplies,16,7,Sunday,2
2016-02-07 18:03:00,02-07-2016 18:17,Business,Apex,Cary,5.7,Customer Visit,18,7,Sunday,2
2016-02-07 18:39:00,02-07-2016 18:53,Business,Cary,Morrisville,6.1,Temporary Site,18,7,Sunday,2
2016-02-07 20:22:00,02-07-2016 20:40,Business,Morrisville,Cary,6.1,Meeting,20,7,Sunday,2
2016-02-08 12:57:00,02-08-2016 13:08,Business,Whitebridge,Edgehill Farms,4.3,Meal/Entertain,12,8,Monday,2
2016-02-08 14:00:00,02-08-2016 14:10,Business,Edgehill Farms,Whitebridge,2.7,Meal/Entertain,14,8,Monday,2
2016-02-09 20:24:00,02-09-2016 20:40,Business,Morrisville,Cary,6.1,Meal/Entertain,20,9,Tuesday,2
2016-02-11 16:28:00,02-11-2016 17:10,Business,Cary,Raleigh,17.3,Meal/Entertain,16,11,Thursday,2
2016-02-11 17:49:00,02-11-2016 18:10,Business,Eastgate,Walnut Terrace,5.7,Meal/Entertain,17,11,Thursday,2
2016-02-11 18:24:00,02-11-2016 18:46,Business,Raleigh,Morrisville,13.5,Temporary Site,18,11,Thursday,2
2016-02-11 20:36:00,02-11-2016 20:51,Business,Morrisville,Cary,6.1,Temporary Site,20,11,Thursday,2
2016-02-12 08:21:00,02-12-2016 08:42,Business,Cary,Durham,8.5,Temporary Site,8,12,Friday,2
2016-02-12 10:45:00,02-12-2016 10:52,Business,Durham,Morrisville,2.6,Temporary Site,10,12,Friday,2
2016-02-12 11:14:00,02-12-2016 11:35,Business,Morrisville,Raleigh,17.0,Customer Visit,11,12,Friday,2
2016-02-12 13:02:00,02-12-2016 13:36,Business,Raleigh,Cary,18.0,Meeting,13,12,Friday,2
2016-02-12 14:49:00,02-12-2016 15:06,Business,Cary,Morrisville,8.4,Meeting,14,12,Friday,2
2016-02-12 15:33:00,02-12-2016 16:06,Business,Morrisville,Cary,11.5,Customer Visit,15,12,Friday,2
2016-03-01 18:47:00,03-01-2016 19:10,Business,Whitebridge,Wayne Ridge,8.0,Meal/Entertain,18,1,Tuesday,3
2016-03-01 21:27:00,03-01-2016 21:45,Business,Wayne Ridge,Whitebridge,8.0,Meeting,21,1,Tuesday,3
2016-03-03 11:04:00,03-03-2016 11:10,Business,Westpark Place,Whitebridge,2.3,Errand/Supplies,11,3,Thursday,3
2016-03-03 14:44:00,03-03-2016 14:58,Business,Whitebridge,Northwoods,5.2,Meal/Entertain,14,3,Thursday,3
2016-03-03 15:27:00,03-03-2016 15:48,Business,Cary,Raleigh,7.6,Customer Visit,15,3,Thursday,3
2016-03-03 16:02:00,03-03-2016 16:42,Business,Raleigh,Cary,17.3,Meeting,16,3,Thursday,3
2016-03-04 07:47:00,03-04-2016 08:06,Business,Cary,Durham,9.9,Meeting,7,4,Friday,3
2016-03-04 09:46:00,03-04-2016 10:03,Business,Durham,Cary,9.9,Customer Visit,9,4,Friday,3
2016-03-04 11:46:00,03-04-2016 12:06,Business,Cary,Durham,10.4,Meeting,11,4,Friday,3
2016-03-04 13:03:00,03-04-2016 13:25,Business,Durham,Cary,10.9,Meeting,13,4,Friday,3
2016-03-04 13:40:00,03-04-2016 14:09,Business,Cary,Raleigh,15.7,Customer Visit,13,4,Friday,3
2016-03-04 15:56:00,03-04-2016 16:08,Business,Raleigh,Raleigh,4.9,Meal/Entertain,15,4,Friday,3
2016-03-04 16:16:00,03-04-2016 16:22,Business,Fayetteville Street,Depot Historic District,0.8,Errand/Supplies,16,4,Friday,3
2016-03-04 16:43:00,03-04-2016 17:12,Business,Raleigh,Cary,13.5,Meeting,16,4,Friday,3
2016-03-04 19:02:00,03-04-2016 19:08,Business,Cary,Morrisville,1.9,Temporary Site,19,4,Friday,3
2016-03-04 19:16:00,03-04-2016 19:25,Business,Morrisville,Cary,2.0,Meal/Entertain,19,4,Friday,3
2016-03-05 11:44:00,03-05-2016 11:59,Business,Cary,Morrisville,6.5,Meal/Entertain,11,5,Saturday,3
2016-03-05 14:39:00,03-05-2016 15:01,Business,Whitebridge,Wayne Ridge,7.8,Meal/Entertain,14,5,Saturday,3
2016-03-05 16:52:00,03-05-2016 17:13,Business,Cary,Morrisville,7.8,Meal/Entertain,16,5,Saturday,3
2016-03-05 17:23:00,03-05-2016 17:34,Business,Morrisville,Cary,3.9,Meal/Entertain,17,5,Saturday,3
2016-03-07 09:10:00,03-07-2016 09:20,Business,Whitebridge,Edgehill Farms,2.8,Errand/Supplies,9,7,Monday,3
2016-03-07 09:23:00,03-07-2016 09:47,Business,Cary,Raleigh,12.4,Customer Visit,9,7,Monday,3
2016-03-07 12:10:00,03-07-2016 12:26,Business,Fayetteville Street,Meredith Townes,5.9,Customer Visit,12,7,Monday,3
2016-03-07 13:57:00,03-07-2016 14:18,Business,Meredith Townes,Leesville Hollow,9.4,Meeting,13,7,Monday,3
2016-03-07 15:19:00,03-07-2016 15:45,Business,Raleigh,Cary,11.9,Between Offices,15,7,Monday,3
2016-03-08 14:38:00,03-08-2016 14:55,Business,Whitebridge,Waverly Place,7.2,Between Offices,14,8,Tuesday,3
2016-03-08 15:35:00,03-08-2016 16:00,Business,Waverly Place,Whitebridge,7.6,Meal/Entertain,15,8,Tuesday,3
2016-03-10 03:36:00,03-10-2016 03:53,Business,Cary,Morrisville,8.4,Meeting,3,10,Thursday,3
2016-03-10 10:08:00,03-10-2016 10:37,Business,East Austin,West University,12.8,Meeting,10,10,Thursday,3
2016-03-11 09:47:00,03-11-2016 09:59,Business,The Drag,Congress Ave District,2.0,Meal/Entertain,9,11,Friday,3
2016-04-01 13:43:00,04-01-2016 14:01,Business,Kissimmee,Kissimmee,11.0,Meeting,13,1,Friday,4
2016-04-01 14:36:00,04-01-2016 15:24,Business,Kissimmee,Orlando,15.5,Customer Visit,14,1,Friday,4
2016-04-01 16:01:00,04-01-2016 16:49,Business,Orlando,Kissimmee,20.3,Meeting,16,1,Friday,4
2016-04-02 12:21:00,04-02-2016 14:47,Business,Kissimmee,Daytona Beach,77.3,Customer Visit,12,2,Saturday,4
2016-04-02 16:57:00,04-02-2016 18:09,Business,Daytona Beach,Jacksonville,80.5,Customer Visit,16,2,Saturday,4
2016-04-02 19:38:00,04-02-2016 22:36,Business,Jacksonville,Ridgeland,174.2,Customer Visit,19,2,Saturday,4
2016-04-02 23:11:00,04-03-2016 01:34,Business,Ridgeland,Florence,144.0,Meeting,23,2,Saturday,4
2016-04-03 02:00:00,04-03-2016 04:16,Business,Florence,Cary,159.3,Meeting,2,3,Sunday,4
2016-04-05 21:39:00,04-05-2016 21:55,Business,Whitebridge,Wayne Ridge,7.9,Meal/Entertain,21,5,Tuesday,4
2016-04-06 00:19:00,04-06-2016 00:39,Business,Wayne Ridge,Whitebridge,8.0,Meal/Entertain,0,6,Wednesday,4
2016-04-07 18:20:00,04-07-2016 18:39,Business,Cary,Morrisville,6.1,Meal/Entertain,18,7,Thursday,4
2016-04-07 19:45:00,04-07-2016 20:00,Business,Morrisville,Cary,6.1,Errand/Supplies,19,7,Thursday,4
2016-04-08 12:30:00,04-08-2016 12:48,Business,Cary,Durham,10.5,Meeting,12,8,Friday,4
2016-04-08 13:34:00,04-08-2016 13:51,Business,Durham,Cary,8.7,Meal/Entertain,13,8,Friday,4
2016-04-08 13:55:00,04-08-2016 14:03,Business,Westpark Place,Whitebridge,1.8,Errand/Supplies,13,8,Friday,4
2016-04-08 14:43:00,04-08-2016 15:20,Business,Cary,Raleigh,19.1,Meeting,14,8,Friday,4
2016-04-08 16:05:00,04-08-2016 16:47,Business,Raleigh,Cary,18.6,Meeting,16,8,Friday,4
2016-04-12 09:15:00,04-12-2016 09:26,Business,Whitebridge,Edgehill Farms,2.8,Errand/Supplies,9,12,Tuesday,4
2016-04-12 09:34:00,04-12-2016 09:53,Business,Cary,Raleigh,8.9,Meeting,9,12,Tuesday,4
2016-04-12 10:58:00,04-12-2016 11:18,Business,Meredith,Cedar Hill,7.5,Customer Visit,10,12,Tuesday,4
2016-04-12 12:22:00,04-12-2016 12:44,Business,Raleigh,Morrisville,15.9,Meeting,12,12,Tuesday,4
2016-04-12 13:42:00,04-12-2016 14:01,Business,Morrisville,Cary,6.5,Meal/Entertain,13,12,Tuesday,4
2016-05-01 13:45:00,05-01-2016 13:53,Business,Whitebridge,Westpark Place,2.1,Meal/Entertain,13,1,Sunday,5
2016-05-01 17:33:00,05-01-2016 17:45,Business,Whitebridge,Tanglewood,6.2,Between Offices,17,1,Sunday,5
2016-05-01 17:54:00,05-01-2016 18:10,Business,Tanglewood,Parkway,7.5,Meeting,17,1,Sunday,5
2016-05-01 22:38:00,05-01-2016 22:49,Business,Parkway,Whitebridge,3.1,Errand/Supplies,22,1,Sunday,5
2016-05-02 14:14:00,05-02-2016 14:21,Business,Whitebridge,Westpark Place,2.2,Errand/Supplies,14,2,Monday,5
2016-05-02 15:37:00,05-02-2016 15:48,Business,Westpark Place,Whitebridge,3.9,Meal/Entertain,15,2,Monday,5
2016-05-03 22:20:00,05-03-2016 22:28,Business,Morrisville,Cary,2.5,Meal/Entertain,22,3,Tuesday,5
2016-05-04 15:16:00,05-04-2016 15:37,Business,Cary,Morrisville,8.7,Meal/Entertain,15,4,Wednesday,5
2016-05-04 20:55:00,05-04-2016 21:14,Business,Mcvan,Capitol One,14.5,Errand/Supplies,20,4,Wednesday,5
2016-05-04 21:30:00,05-04-2016 21:36,Business,Capitol One,University District,4.5,Meal/Entertain,21,4,Wednesday,5
2016-05-04 22:19:00,05-04-2016 22:27,Business,University District,Capitol One,5.0,Meal/Entertain,22,4,Wednesday,5
2016-05-05 21:24:00,05-05-2016 21:36,Business,Seattle,Redmond,14.2,Meal/Entertain,21,5,Thursday,5
2016-05-05 22:34:00,05-05-2016 22:40,Business,Redmond,Bellevue,2.9,Errand/Supplies,22,5,Thursday,5
2016-05-05 23:55:00,05-06-2016 00:08,Business,Bellevue,Seattle,12.9,Meeting,23,5,Thursday,5
2016-05-06 05:47:00,05-06-2016 06:02,Business,Capitol One,Mcvan,14.4,Meeting,5,6,Friday,5
2016-05-06 16:45:00,05-06-2016 16:59,Business,Chapel Hill,Morrisville,17.0,Meeting,16,6,Friday,5
2016-05-06 17:18:00,05-06-2016 17:44,Business,Morrisville,Cary,7.9,Customer Visit,17,6,Friday,5
2016-05-09 06:08:00,05-09-2016 06:25,Business,Cary,Morrisville,8.4,Customer Visit,6,9,Monday,5
2016-05-09 14:39:00,05-09-2016 15:06,Business,San Francisco,Palo Alto,20.5,Between Offices,14,9,Monday,5
2016-05-09 17:58:00,05-09-2016 18:26,Business,Palo Alto,Sunnyvale,9.8,Customer Visit,17,9,Monday,5
2016-05-09 19:35:00,05-09-2016 19:59,Business,Sunnyvale,Newark,17.6,Customer Visit,19,9,Monday,5
2016-05-10 09:03:00,05-10-2016 09:20,Business,Newark,Menlo Park,9.3,Customer Visit,9,10,Tuesday,5
2016-05-10 17:19:00,05-10-2016 17:31,Business,Menlo Park,Newark,7.9,Customer Visit,17,10,Tuesday,5
2016-05-11 08:35:00,05-11-2016 09:12,Business,Newark,San Francisco,25.6,Meeting,8,11,Wednesday,5
2016-05-11 21:47:00,05-11-2016 22:04,Business,Morrisville,Cary,8.1,Meeting,21,11,Wednesday,5
2016-06-01 10:19:00,06-01-2016 10:47,Business,Cary,Morrisville,6.7,Customer Visit,10,1,Wednesday,6
2016-06-01 13:10:00,06-01-2016 13:39,Business,Morrisville,Cary,9.6,Meeting,13,1,Wednesday,6
2016-06-03 11:29:00,06-03-2016 11:49,Business,Cary,Durham,10.4,Meeting,11,3,Friday,6
2016-06-03 13:08:00,06-03-2016 13:38,Business,Durham,Cary,9.9,Meeting,13,3,Friday,6
2016-06-03 15:31:00,06-03-2016 15:54,Business,Cary,Morrisville,6.0,Meal/Entertain,15,3,Friday,6
2016-06-03 18:14:00,06-03-2016 18:29,Business,Townes at Everett Crossing,Chessington,3.3,Errand/Supplies,18,3,Friday,6
2016-06-03 18:41:00,06-03-2016 18:53,Business,Morrisville,Cary,3.1,Errand/Supplies,18,3,Friday,6
2016-06-03 19:36:00,06-03-2016 19:42,Business,Huntington Woods,Weston,1.7,Errand/Supplies,19,3,Friday,6
2016-06-03 22:47:00,06-03-2016 23:06,Business,Morrisville,Cary,4.0,Between Offices,22,3,Friday,6
2016-06-05 14:03:00,06-05-2016 14:33,Business,Whitebridge,Savon Height,7.8,Customer Visit,14,5,Sunday,6
2016-06-05 15:06:00,06-05-2016 15:22,Business,Cary,Morrisville,7.8,Customer Visit,15,5,Sunday,6
2016-06-05 15:57:00,06-05-2016 16:08,Business,Weston,Weston,3.8,Meal/Entertain,15,5,Sunday,6
2016-06-05 18:05:00,06-05-2016 18:14,Business,Morrisville,Cary,2.5,Meal/Entertain,18,5,Sunday,6
2016-06-05 21:53:00,06-05-2016 22:05,Business,Cary,Durham,9.9,Meeting,21,5,Sunday,6
2016-06-05 23:52:00,06-06-2016 00:08,Business,Durham,Cary,9.9,Meeting,23,5,Sunday,6
2016-06-06 15:36:00,06-06-2016 15:45,Business,Whitebridge,Hazelwood,3.0,Errand/Supplies,15,6,Monday,6
2016-06-06 16:16:00,06-06-2016 16:24,Business,Hazelwood,Whitebridge,2.4,Errand/Supplies,16,6,Monday,6
2016-06-06 20:06:00,06-06-2016 20:20,Business,Cary,Apex,5.7,Meal/Entertain,20,6,Monday,6
2016-06-06 21:08:00,06-06-2016 21:37,Business,Apex,Cary,7.2,Meal/Entertain,21,6,Monday,6
2016-06-06 21:41:00,06-06-2016 22:00,Business,Cary,Durham,10.4,Meeting,21,6,Monday,6
2016-06-06 23:34:00,06-06-2016 23:48,Business,Durham,Cary,9.9,Meeting,23,6,Monday,6
2016-06-07 21:42:00,06-07-2016 22:00,Business,Cary,Durham,10.4,Meeting,21,7,Tuesday,6
2016-06-07 23:41:00,06-08-2016 00:04,Business,Durham,Cary,9.9,Meeting,23,7,Tuesday,6
2016-06-08 08:23:00,06-08-2016 08:53,Business,Cary,Morrisville,8.7,Meal/Entertain,8,8,Wednesday,6
2016-06-08 12:04:00,06-08-2016 13:01,Business,Jamaica,New York,22.3,Errand/Supplies,12,8,Wednesday,6
2016-06-08 13:12:00,06-08-2016 13:29,Business,Seaport,Gramercy-Flatiron,3.3,Meal/Entertain,13,8,Wednesday,6
2016-06-08 14:31:00,06-08-2016 14:37,Business,Medical Centre,Tudor City,0.7,Errand/Supplies,14,8,Wednesday,6
2016-06-08 16:55:00,06-08-2016 17:11,Business,Rose Hill,Soho,2.5,Meal/Entertain,16,8,Wednesday,6
2016-06-08 17:16:00,06-08-2016 17:18,Business,Soho,Tribeca,0.5,Errand/Supplies,17,8,Wednesday,6
2016-06-08 17:59:00,06-08-2016 18:05,Business,Tribeca,Financial District,0.9,Errand/Supplies,17,8,Wednesday,6
2016-06-08 20:11:00,06-08-2016 20:25,Business,Financial District,Kips Bay,4.8,Errand/Supplies,20,8,Wednesday,6
2016-06-10 15:19:00,06-10-2016 16:28,Business,New York,Jamaica,16.3,Meeting,15,10,Friday,6
2016-06-10 21:47:00,06-10-2016 22:04,Business,Cary,Durham,10.4,Meeting,21,10,Friday,6
2016-06-10 23:53:00,06-11-2016 00:01,Business,Durham,Cary,9.9,Meeting,23,10,Friday,6
2016-06-11 17:08:00,06-11-2016 17:16,Business,Cary,Morrisville,3.7,Errand/Supplies,17,11,Saturday,6
2016-06-11 17:34:00,06-11-2016 17:39,Business,Morrisville,Cary,4.6,Meal/Entertain,17,11,Saturday,6
2016-06-11 21:45:00,06-11-2016 22:04,Business,Cary,Durham,10.4,Meeting,21,11,Saturday,6
2016-06-11 23:39:00,06-12-2016 00:05,Business,Durham,Cary,9.9,Meeting,23,11,Saturday,6
2016-06-12 19:53:00,06-12-2016 19:56,Business,Cary,Morrisville,2.5,Meal/Entertain,19,12,Sunday,6
2016-06-12 20:05:00,06-12-2016 20:16,Business,Morrisville,Cary,4.3,Errand/Supplies,20,12,Sunday,6
2016-06-12 21:58:00,06-12-2016 22:19,Business,Parkway,Whitebridge,2.8,Errand/Supplies,21,12,Sunday,6
2016-07-01 00:00:00,07-01-2016 00:25,Business,Durham,Cary,9.9,Meeting,0,1,Friday,7
2016-07-01 09:34:00,07-01-2016 09:57,Business,Cary,Raleigh,13.3,Meeting,9,1,Friday,7
2016-07-01 12:36:00,07-01-2016 13:00,Business,Raleigh,Cary,11.3,Meeting,12,1,Friday,7
2016-07-01 20:06:00,07-01-2016 20:24,Business,Cary,Durham,10.5,Meeting,20,1,Friday,7
2016-07-01 23:48:00,07-02-2016 00:09,Business,Durham,Cary,9.9,Meeting,23,1,Friday,7
2016-07-02 20:18:00,07-02-2016 20:36,Business,Cary,Durham,10.1,Meeting,20,2,Saturday,7
2016-07-02 23:48:00,07-03-2016 00:12,Business,Durham,Cary,9.9,Meeting,23,2,Saturday,7
2016-07-03 00:28:00,07-03-2016 00:38,Business,Cary,Morrisville,3.1,Errand/Supplies,0,3,Sunday,7
2016-07-03 03:02:00,07-03-2016 03:08,Business,Morrisville,Cary,3.1,Errand/Supplies,3,3,Sunday,7
2016-07-03 20:00:00,07-03-2016 20:18,Business,Cary,Durham,9.9,Meeting,20,3,Sunday,7
2016-07-04 00:32:00,07-04-2016 00:47,Business,Durham,Cary,9.9,Meeting,0,4,Monday,7
2016-07-04 17:31:00,07-04-2016 17:49,Business,Whitebridge,Summerwinds,8.8,Meeting,17,4,Monday,7
2016-07-04 18:23:00,07-04-2016 18:49,Business,Summerwinds,Whitebridge,8.7,Temporary Site,18,4,Monday,7
2016-07-04 20:00:00,07-04-2016 20:17,Business,Cary,Durham,11.8,Meeting,20,4,Monday,7
2016-07-05 00:00:00,07-05-2016 00:05,Business,Parkwood,Parkwood,1.2,Errand/Supplies,0,5,Tuesday,7
2016-07-05 00:08:00,07-05-2016 00:28,Business,Durham,Cary,9.9,Meeting,0,5,Tuesday,7
2016-07-05 16:48:00,07-05-2016 16:52,Business,Whitebridge,Whitebridge,0.6,Errand/Supplies,16,5,Tuesday,7
2016-07-06 00:33:00,07-06-2016 00:53,Business,Morrisville,Cary,6.3,Meal/Entertain,0,6,Wednesday,7
2016-07-06 09:06:00,07-06-2016 09:25,Business,Cary,Durham,9.9,Meeting,9,6,Wednesday,7
2016-07-06 20:04:00,07-06-2016 20:14,Business,Cary,Morrisville,3.3,Meal/Entertain,20,6,Wednesday,7
2016-07-06 23:46:00,07-06-2016 23:59,Business,Morrisville,Cary,3.1,Customer Visit,23,6,Wednesday,7
2016-07-07 08:22:00,07-07-2016 08:50,Business,Cary,Morrisville,7.9,Temporary Site,8,7,Thursday,7
2016-08-02 08:11:00,08-02-2016 08:32,Business,Cary,Morrisville,8.4,Meeting,8,2,Tuesday,8
2016-08-07 17:28:00,08-07-2016 17:43,Business,Edgehill Farms,Whitebridge,2.7,Customer Visit,17,7,Sunday,8
2016-08-07 20:15:00,08-07-2016 20:23,Business,Morrisville,Cary,2.5,Meal/Entertain,20,7,Sunday,8
2016-08-08 17:02:00,08-08-2016 17:13,Business,Edgehill Farms,Whitebridge,2.7,Customer Visit,17,8,Monday,8
2016-08-08 23:28:00,08-08-2016 23:37,Business,Morrisville,Cary,3.2,Customer Visit,23,8,Monday,8
2016-10-09 14:04:00,10-09-2016 14:23,Business,Unknown Location,Unknown Location,7.7,Temporary Site,14,9,Sunday,10
2016-10-11 01:27:00,10-11-2016 02:08,Business,Unknown Location,R?walpindi,17.1,Meeting,1,11,Tuesday,10
2016-11-01 20:41:00,11-01-2016 20:55,Business,Whitebridge,Whitebridge,4.2,Meal/Entertain,20,1,Tuesday,11
2016-11-02 16:46:00,11-02-2016 17:11,Business,Cary,Morrisville,8.5,Meeting,16,2,Wednesday,11
2016-11-03 18:51:00,11-03-2016 19:08,Business,Cary,Morrisville,3.1,Meal/Entertain,18,3,Thursday,11
2016-11-03 22:46:00,11-03-2016 22:58,Business,Morrisville,Cary,3.1,Customer Visit,22,3,Thursday,11
2016-11-04 10:02:00,11-04-2016 10:18,Business,Cary,Morrisville,7.9,Temporary Site,10,4,Friday,11
2016-11-06 16:05:00,11-06-2016 16:22,Business,Renaissance,Agnew,2.8,Meeting,16,6,Sunday,11
2016-11-06 16:27:00,11-06-2016 17:28,Business,Santa Clara,Berkeley,43.9,Customer Visit,16,6,Sunday,11
2016-11-07 12:28:00,11-07-2016 12:57,Business,Berkeley,San Francisco,11.8,Between Offices,12,7,Monday,11
2016-11-07 19:17:00,11-07-2016 19:57,Business,San Francisco,Berkeley,13.2,Between Offices,19,7,Monday,11
2016-11-08 10:29:00,11-08-2016 10:57,Business,Berkeley,San Francisco,12.2,Between Offices,10,8,Tuesday,11
2016-11-08 12:16:00,11-08-2016 12:49,Business,San Francisco,Berkeley,11.3,Meeting,12,8,Tuesday,11
2016-11-09 18:21:00,11-09-2016 18:35,Business,Ingleside,Potrero Flats,5.5,Meeting,18,9,Wednesday,11
2016-11-09 18:40:00,11-09-2016 19:17,Business,San Francisco,Oakland,12.7,Customer Visit,18,9,Wednesday,11
2016-11-10 09:46:00,11-10-2016 10:15,Business,Berkeley,San Francisco,12.6,Temporary Site,9,10,Thursday,11
2016-11-10 15:17:00,11-10-2016 15:22,Business,San Francisco,Oakland,9.9,Temporary Site,15,10,Thursday,11
2016-11-10 15:30:00,11-10-2016 15:53,Business,Oakland,Berkeley,6.0,Meeting,15,10,Thursday,11
2016-11-11 09:35:00,11-11-2016 10:23,Business,Berkeley,Menlo Park,45.9,Customer Visit,9,11,Friday,11
2016-11-11 14:39:00,11-11-2016 15:46,Business,Menlo Park,Berkeley,36.6,Customer Visit,14,11,Friday,11
2016-11-12 14:22:00,11-12-2016 14:53,Business,West Berkeley,South,5.9,Meeting,14,12,Saturday,11
2016-11-12 15:40:00,11-12-2016 15:59,Business,Emeryville,Berkeley,3.7,Errand/Supplies,15,12,Saturday,11
2016-12-01 07:44:00,12-01-2016 07:59,Business,Cary,Cary,5.5,Meeting,7,1,Thursday,12
2016-12-01 08:37:00,12-01-2016 08:53,Business,Cary,Cary,5.5,Errand/Supplies,8,1,Thursday,12
2016-12-01 18:00:00,12-01-2016 18:12,Business,Cary,Morrisville,2.9,Meal/Entertain,18,1,Thursday,12
2016-12-01 20:36:00,12-01-2016 20:46,Business,Morrisville,Cary,2.9,Customer Visit,20,1,Thursday,12
2016-12-02 12:12:00,12-02-2016 12:23,Business,Cary,Apex,5.1,Meal/Entertain,12,2,Friday,12
2016-12-02 13:07:00,12-02-2016 13:22,Business,Apex,Cary,5.3,Customer Visit,13,2,Friday,12
2016-12-02 20:41:00,12-02-2016 20:48,Business,Cary,Morrisville,3.3,Meal/Entertain,20,2,Friday,12
2016-12-02 22:59:00,12-02-2016 23:07,Business,Morrisville,Cary,3.0,Customer Visit,22,2,Friday,12
2016-12-03 18:35:00,12-03-2016 18:56,Business,Cary,Wake Co.,6.6,Errand/Supplies,18,3,Saturday,12
2016-12-03 20:31:00,12-03-2016 20:41,Business,Morrisville,Cary,3.0,Customer Visit,20,3,Saturday,12
2016-12-04 18:56:00,12-04-2016 19:03,Business,Cary,Morrisville,2.9,Meal/Entertain,18,4,Sunday,12
2016-12-04 20:23:00,12-04-2016 20:34,Business,Morrisville,Cary,3.4,Customer Visit,20,4,Sunday,12
2016-12-05 19:22:00,12-05-2016 19:37,Business,Cary,Cary,3.8,Meal/Entertain,19,5,Monday,12
2016-12-07 12:03:00,12-07-2016 12:32,Business,Cary,Cary,6.6,Meeting,12,7,Wednesday,12
2016-12-07 12:35:00,12-07-2016 12:46,Business,Cary,Cary,4.0,Meeting,12,7,Wednesday,12
2016-12-07 19:53:00,12-07-2016 20:13,Business,Cary,Cary,7.0,Customer Visit,19,7,Wednesday,12
2016-12-07 21:13:00,12-07-2016 21:50,Business,Cary,Cary,6.9,Meal/Entertain,21,7,Wednesday,12
2016-12-08 14:19:00,12-08-2016 14:32,Business,Cary,Cary,3.4,Errand/Supplies,14,8,Thursday,12
2016-12-08 14:53:00,12-08-2016 15:02,Business,Cary,Cary,3.4,Errand/Supplies,14,8,Thursday,12
2016-12-08 19:22:00,12-08-2016 19:27,Business,Cary,Cary,2.0,Meeting,19,8,Thursday,12
2016-12-08 21:26:00,12-08-2016 21:31,Business,Cary,Cary,2.0,Errand/Supplies,21,8,Thursday,12
2016-12-09 12:09:00,12-09-2016 12:24,Business,Cary,Apex,5.1,Errand/Supplies,12,9,Friday,12
2016-12-09 13:15:00,12-09-2016 13:43,Business,Apex,Cary,8.8,Temporary Site,13,9,Friday,12
2016-12-09 20:11:00,12-09-2016 20:34,Business,Cary,Cary,5.6,Meeting,20,9,Friday,12
2016-12-09 22:03:00,12-09-2016 22:57,Business,Cary,Cary,18.9,Customer Visit,22,9,Friday,12
2016-12-10 12:43:00,12-10-2016 13:16,Business,Cary,Fuquay-Varina,15.6,Meeting,12,10,Saturday,12
2016-12-10 14:42:00,12-10-2016 15:18,Business,Fuquay-Varina,Cary,15.6,Errand/Supplies,14,10,Saturday,12
2016-12-10 18:17:00,12-10-2016 18:27,Business,Cary,Morrisville,3.0,Meal/Entertain,18,10,Saturday,12
2016-12-10 22:09:00,12-10-2016 22:21,Business,Morrisville,Cary,3.1,Customer Visit,22,10,Saturday,12
2016-12-11 16:06:00,12-11-2016 16:16,Business,Cary,Morrisville,3.0,Meal/Entertain,16,11,Sunday,12
2016-12-11 19:05:00,12-11-2016 19:15,Business,Morrisville,Cary,4.8,Errand/Supplies,19,11,Sunday,12
2016-12-11 21:48:00,12-11-2016 21:56,Business,Cary,Cary,2.1,Errand/Supplies,21,11,Sunday,12
2016-12-12 13:22:00,12-12-2016 13:32,Business,Cary,Cary,3.1,Errand/Supplies,13,12,Monday,12
2016-12-12 13:36:00,12-12-2016 13:51,Business,Cary,Apex,4.4,Meal/Entertain,13,12,Monday,12
2016-12-12 14:26:00,12-12-2016 14:39,Business,Apex,Cary,4.7,Customer Visit,14,12,Monday,12
2016-12-12 17:51:00,12-12-2016 18:01,Business,Cary,Morrisville,3.0,Meal/Entertain,17,12,Monday,12
2016-12-12 20:48:00,12-12-2016 20:57,Business,Morrisville,Cary,3.0,Customer Visit,20,12,Monday,12
